artist,track,spid
James Blake,radio silence,0ZPPbwJD2WVU8HdMsVtChk
James Blake,points,6dSCIGteGmVCCH39hxuddz
Kanye,Famous,3KDmFRW19NHtxIeDnxdFBc
Kanye,Feedback,1JeXMBdxduaLpQnMxN6ezS
Kanye,Jesus Walks,62r62ArmWq38cu6QCVgyTc
Kanye,Gold Digger,1PS1QMdUqOal0ai3Gt7sDQ
Kanye,Black Skinhead,722tgOgdIbNe3BEyLnejw4
Kanye,Ultralight Beams
Kanye,Coldest Winter,4PO23vgUrbXkPwwCJlVASQ
Kanye,Mercy,4qikXelSRKvoCqFcHLB2H2
Kanye,Robocop,2Jeh872xwy19kZWTh0W3cp
Kanye,Good life,1fLdeDTrJWNkwOeFyAVLvF
Kanye,HAM
Kanye,Gorgeous,23SZWX2IaDnxmhFsSLvkG2
Kanye,Runaway,3DK6m7It6Pw857FcQftMds
Gold Panda,Metal bird,2GXbqFzTLWAR8M5XjFXqh4
Gold Panda,in my car,4LfAbdm7iTAhnbv0GOrgGf
Gold Panda,chiba nights,0MxqQjKUIIozL16Wc3Lo96
Gold Panda,pink and green,1RLKKVYYTWN7oAY36ESjz8
Gold Panda,song for a dead friend,3c8viMj5g68jgYfJvY7paX
Gold Panda,I am real punk,4EpevkOLmbD6h2awxLNu9X
Gold Panda,autumn fall,2X70ukgVKKBoJvnjVqXRGK
Gold Panda,halyards,4I4M6qA9k63UCQshVY5gHi
Gold Panda,time eater,1Zej7mbrjHnXUBB7xkkQt3
Gold Panda,unthank,1rBuyTdrYzNONU4RMrsEiN
Gold Panda,your good times are just beginning,1BkVsaHKGF2fc97FiUvF7c
Gold Panda,taxi
Gold Panda,back home,0Pcjcj4XuhqZ0ZzgmlIurd
Gold Panda,like totally,5c00FZpuM6FIbJux4OvpLP
James Blake,love me in whatever way,1C0WuqxJFwspf1lc0v4qhZ
James Blake,timeless,49jxn2Mdde8QZUx0AlbD0l
James Blake,put that away and talk to me,1qBk8jyJmxeXAbbrZ1thxL
James Blake,I hope my life,2B7snFRWcKkZsH7AR4cuRR
James Blake,waves know shores,6CaixeaNllgzmFcfMhAeD8
James Blake,my willing heart,6JHqijXeoR9S3DzvDm4VO5
James Blake,choose me,2N8uCUNl2R6q6sXfG42Vur
James Blake,I need a forest fire,0TLAptKgYxe7F0KewWH6X6
James Blake,noise above our heads,3mUGTZQ7SctWdmDMukT6tJ
James Blake,two men down,7qbuX4vj6cGIs96gIMh6b7
James Blake,modern soul,0ADFdBeamLf1sUlXnd91SE
Kendrick,bitch don't kill my vibe,4Pwjz3DfvfQWV0rO2V8jyh
Kendrick,backseat freestyle,6fAyRZ0GHuuvSOEIOwi58N
Kendrick,the art of peer pressure,0d0jsoba88SpOoFxCxA2rZ
Kendrick,money trees,2HbKqm4o0w5wEeEFXm2sD4
Kendrick,good kid,5vuJuBqwzHJgCA1ysRfwxZ
Kendrick,swimming pools,7frWizM5FgJkaUl1rXhVtO
